Wallet Address,Status Code,Response,Total Balance,Transaction Count,Spend,Spend Games,Created At,Hodler Score,Is Bot,Temporal Activity,Transaction Velocity,Continuous Engagement,Funding Network
0xb85e653e74060b092ef14c410d5fdf397bec856d,200,Success,33744.37,933,898484.916106994,14319.616729984,2022-05-04T13:27:24.000Z,91,False,False,False,False,False
0xb2580c5e3d49f9dc13508bc6cbc312619442c28c,200,Success,618.42,2587,1389103.41984299,33485.677523636,2023-02-08T13:45:11.000Z,79,True,False,False,True,True
0x649b0894ce2ba6199f923f7db0c45625020c2427,200,Success,1763.73,919,5789457.48256815,43.289551466,2023-06-27T01:00:47.000Z,72,False,False,False,False,False
0xf804376c7f753df0ff9f2fa0bfe7690bfaac91fd,200,Success,468.73,420,26002.420573777,1404.29179794,2022-05-22T05:55:16.000Z,92,False,False,False,False,False
0x6e0452a3fe6f0d1c07ba194ca1d78b392626eda7,200,Success,0.23,71,42607.13,505.81,2022-04-06T22:13:56.000Z,83,False,False,False,False,False
0x7675cf4abb1a19f7bd5ed23d132f9dffa0c9587d,200,Success,91374.63,610,3450962.22,183.38,2021-09-20T13:13:07.000Z,98,False,False,False,False,False
0x9963b81c797e6c43fac60233e9d4258933a8fcd9,200,Success,721.65,379,273757.598193341,20308.548429505,2019-07-20T15:41:39.000Z,92,False,False,False,False,False
0xd1e4a2d0824e082c7eb52d758931246acd3fce05,200,Success,1980.72,557,1897570.80219621,174.784380176,2020-08-19T08:44:29.000Z,96,False,False,False,False,False
0x7de54b0b0405be692ecb5038e73ef225baa3c5dd,200,Success,438.81,98,8095.75,20.82,2022-10-13T13:45:35.000Z,90,False,False,False,False,False
0x3514808d41f11e1d4b713f9ea5969e7ffd6284dc,200,Success,478.64,1057,313662.077034575,8182.573076212,2021-11-11T06:54:12.000Z,87,False,False,False,False,False
0xb385ef1e5c2cc0dc00103eebe7ce088cd95aea22,200,Success,3466.17,332,117841.235672132,399.482439273,2021-06-27T16:52:13.000Z,73,False,False,False,False,False
0x3185c1177057e24ff3dfbaf09d400558a497f183,200,Success,2669.27,764,1142630.71543747,3065.556416173,2022-01-03T22:57:37.000Z,75,True,False,False,False,True
0xa5d5404864e9ea3104ec6721ca08e563964ae536,200,Success,115.29,3265,862788.681340699,11980.627658375,2017-12-04T01:25:49.000Z,90,False,False,False,False,False
0x347125ab96e098a9ff7e26405a75aa227e119c15,200,Success,24915.82,1890,1330190.37213359,5121.117225415,2021-04-01T09:07:45.000Z,63,False,False,False,False,False
0x3cab8a0c0501d748c9c57431718539eab581e774,200,Success,63824.36,864,243459.516372287,28513.113931847,2021-11-18T16:20:11.000Z,84,True,False,False,True,False
0x849e9e8981239ee9f682c656e6dbf84e63ebdb32,200,Success,1295.89,56,33545.98358944,3.650098442,2022-12-25T01:12:35.000Z,92,False,False,False,False,False
0x3d4942d296761ed0bb535fe3004bcfd6e14b7e20,200,Success,1377.59,24,5251.85,234.39,2022-01-03T05:21:58.000Z,76,True,False,False,False,True
0x0668c934a1e5931ebb4037b43e7b10173fd3c0d9,200,Success,731.81,151,2787950.98083016,2.026181238,2021-04-08T13:21:00.000Z,97,False,False,False,False,False
0x50636ea92a6ea8bce533ccfee02d5c8e4384fe50,200,Success,508.39,411,214982.659485643,1148.028453309,2021-04-07T03:01:51.000Z,90,False,False,False,False,False
0xfd0e359a4b52f17740c181bd85408cba8cf88ec8,200,Success,982.77,388,218597.11,1274.8,2021-07-21T20:51:43.000Z,62,False,False,False,False,False
0x4152b1bafe296d206368b1c9d15f37c86c86599a,200,Success,3769.79,283,80172.13076687,1977.281727383,2022-02-01T21:18:55.000Z,87,False,False,False,False,False
0xa70ef67097c5680a38602de64eb5665e8ae7f659,200,Success,3329.26,621,336471.63053269,117.092341195,2021-12-30T11:14:36.000Z,84,False,False,False,False,False
0x4c021fd621bc4b1abf8d57bcf7906e1ba996fd8b,200,Success,909.08,236,30295.02,278.26,2022-04-28T03:53:41.000Z,86,False,False,False,False,False
0x54921460cf41bb117e7f20323bdd061666191555,200,Success,455.02,137,1093004.41071149,350.844221865,2022-05-03T16:31:29.000Z,92,False,False,False,False,False
0xd3eb6150c30d803bc1e69253d0c5ff473148203e,200,Success,373.35,81,1446.02999011,268.781678686,2022-09-12T23:49:01.000Z,90,False,False,False,False,False
0x2da91a3495cd5245e6b8b8baf0d5422762e5c079,200,Success,140.17,133,10073.25,283.56,2022-06-11T21:25:41.000Z,83,False,False,False,False,False
0x08d656d0d726febef66388ae5d827a45c0afde4f,200,Success,243.05,1042,550577.901024606,1698.276347999,2021-03-11T12:03:47.000Z,79,True,False,False,False,True
0x40b4bf74947aa6c58e67516e4c578160db6ae25f,200,Success,14645.41,194,37375.49,2436.13,2021-03-25T01:25:32.000Z,84,False,False,False,False,False
0x5d658a3542b72ed35b85b7bc68eaea26b1162a4a,200,Success,1612.91,402,904563.062774394,570.215963351,2021-07-14T08:01:49.000Z,97,False,False,False,False,False
0x7675291453daf025cef152bef7296d4ef9d72514,200,Success,243673.82,2860,8083988.72687869,38310.971217978,2021-05-12T14:51:42.000Z,89,False,False,False,False,False
0x8bf394245fb419e2e56843643441aab693b51fe6,200,Success,3462.66,115,89633.52883595,2404.045384057,2022-01-21T03:45:26.000Z,93,False,False,False,False,False
0xb59024c9a23ff4a913232526b2eb4cc400c0c2f2,200,Success,364.77,254,76931.910441679,453.415272302,2021-03-08T20:53:14.000Z,84,False,False,False,False,False
0xa7d63477bc2a51cfdb7ba11dd34b93638ac72e4e,200,Success,2488.33,1086,262125.44786435,256.450539234,2021-11-15T22:52:31.000Z,89,False,False,False,False,False
0x1600dd1dda1deef6b856747c04a03706f1be26e0,200,Success,356.89,0,0,0,2022-07-14T21:10:09.000Z,63,False,False,False,False,False
0x9b90f0d271dcad90df815e36e4e1bfe71a3a60e6,200,Success,33.05,5,35.68,5.46,2024-01-03T03:40:59.000Z,62,False,False,False,False,False
0x31997e73e2dcf07aeda1c9be2cebfb0b12468767,200,Success,2302.97,103,166797.485257093,81.497004576,2022-07-08T17:35:20.000Z,83,False,False,False,False,False
0x4e46ba5ee551cbeac1609d09a918a955bd3e481c,200,Success,3698.84,106,210408.586463262,10.097796683,2022-03-29T11:58:21.000Z,95,False,False,False,False,False
0x887ca19b435f17a4f635bcee3a0b7ef73559bf68,200,Success,1654.88,1411,646165.783038258,3603.398015141,2019-05-30T15:23:36.000Z,87,False,False,False,False,False
0xa0c14939e19d66bc774c4ee469fcad5c84aa1cfc,200,Success,2206.55,95,85766.207370239,12.988454461,2023-01-06T21:42:23.000Z,93,False,False,False,False,False
0xe11151f0e8cacdc5d484b3509ceb36bd85cef2b0,200,Success,91.6,1436,182656.914244424,1120.714139048,2021-09-10T14:44:43.000Z,72,False,False,False,False,False
0x19e9ba6c911c72d981c7ccbf948c05305d34264f,200,Success,710.8,334,68853.508757998,754.075257883,2021-12-29T18:23:12.000Z,90,False,False,False,False,False
0xb6166931b7d4cb447d839277a9192bc19633b71d,200,Success,103.96,1130,254340.06,123.86,2022-01-26T16:48:45.000Z,77,False,False,False,False,False
0x70f31da8ceb05a6442d22238f3446d02cdf28f72,200,Success,6689.09,1979,1279000.22934589,25782.217258429,2021-01-05T14:48:16.000Z,67,False,False,False,False,False
0x1d4fbafbe6b240313e96f92218d93b3eb7a7fbd4,200,Success,4434335.27,275,6976216.65168752,459627.662936865,2021-03-01T05:35:08.000Z,97,True,False,False,False,True
0x61352fe4070b68fa0c8f07d6767a85d001750237,200,Success,70.48,58,46921.79,11.21,2023-02-10T09:58:35.000Z,74,False,False,False,False,False
0x93089ab630519ac732629584714b93ed91cbde70,200,Success,8128.02,1578,724520.013922096,7127.925914009,2020-09-03T03:19:18.000Z,92,False,False,False,False,False
0x975ab1ea25e600c738f06c990fc84e21a5bad4c7,200,Success,7459.44,356,86259.506825509,101.488906915,2022-03-07T19:34:00.000Z,63,False,False,False,False,False
0xfab29b0163e4d301863889b2ae35a625076622c5,200,Success,92.96,37,603.88,8.3,2022-03-14T05:23:42.000Z,89,False,False,False,False,False
0xfb1953ae926fb89fbedf4b3eccf321e7cbf35365,200,Success,608.1,1367,585491.814699009,23768.670613701,2022-03-04T14:25:00.000Z,71,False,False,False,False,False
0x1087359d80df8a6fd8da26c5987a8e35a6377b64,200,Success,231.06,1901,1448515.40711117,13826.273092447,2021-03-12T20:53:34.000Z,57,False,False,False,False,False
0x80f0f18ad6ebc357763a9dfd54dd209e7f6f2b0f,200,Success,637.39,15,218.68,0,2022-11-28T20:50:47.000Z,86,False,False,False,False,False
0xde32466c5a1fc2d3fc3f42400fc2c61b2630dd77,200,Success,647.39,102,72483.752666541,6202.850260806,2021-11-22T02:35:13.000Z,95,False,False,False,False,False
0x0b169e800309ff435e95330c877696a6e17af581,200,Success,14396.62,1393,1047923.54875629,3418.974664498,2017-12-03T19:37:20.000Z,67,False,False,False,False,False
0x158f2f09504fec4332bcf405ca1c9d4224fbf80f,200,Success,1827.38,100,74149.898741929,787.632618798,2021-04-21T16:27:24.000Z,95,False,False,False,False,False
0x33fc8c80674ef3cf2f969cdccbc7fd490d50fcfe,200,Success,556.16,146,180420.845377941,3692.579190065,2023-12-04T21:09:47.000Z,75,True,False,False,False,True
0x844f7cd69aff8284aaff6a1855df6d79747b6a00,200,Success,27.55,61,8697.33,281.02,2021-12-31T09:08:51.000Z,78,False,False,False,False,False
0x32933f95c43cada60945372710941810bdf66592,200,Success,13804.07,86,4856.799513589,102.032700678,2022-03-20T22:05:21.000Z,96,False,False,False,False,False
0x4bb7fba588b4254536de4316e8fb346bbe275ecb,200,Success,1030.07,12594,7941957.58346331,7853.642448899,2018-05-11T09:43:39.000Z,91,False,False,False,False,False
0x66666f58de1bcd762a5e5c5aff9cc3c906d66666,200,Success,772300.44,945,19241161.5525933,0,2023-02-12T04:01:35.000Z,93,False,False,False,False,False
0x2da8be16151b6b5b53397ebde81927ff7dc7f57c,200,Success,0.85,131,34597.813263927,236.646891292,2021-12-31T09:45:49.000Z,75,False,False,False,False,False
0xaba33fa6f071f3bc44d83d7d72c8e35f7fe88a95,200,Success,7114.58,1519,1674863.34790904,10735.777656906,2021-09-09T00:10:33.000Z,71,False,False,False,False,False
0xd15f2a1084f9ca0301bfe85061fe447502078601,200,Success,827.61,155,26981.31,1239.42,2021-12-20T00:45:33.000Z,98,False,False,False,False,False
0xf7daddb9553d6c0ad80c66c7cfff281b1d5f35ad,200,Success,4624.95,281,301447.609781229,143.968382297,2022-08-28T20:39:45.000Z,91,False,False,False,False,False
0x51b5e6a9c37787a8510fa9b4287775c7a13e8a9d,200,Success,30469.45,1023,1413281.73585766,5408.689102047,2021-04-01T04:52:27.000Z,89,False,False,False,False,False
0x954e128f3e3d85ba3adafb9d53e7c060833e2bb0,200,Success,1294.13,923,77550.748953483,156.111426218,2021-09-23T10:38:02.000Z,95,False,False,False,False,False
0xd87385111493b6aedd3a6e706367a901d2760435,200,Success,892.97,106,12287.970644681,88.84273402,2022-02-09T06:17:31.000Z,95,False,False,False,False,False
0xdc0713ae8f71bf8f4cb649cabc80e195623cfa54,200,Success,15308.93,437,444891.284264507,3555.973306184,2021-09-05T15:24:52.000Z,94,False,False,False,False,False
0xeeb3fae739097ad99695b3a9c0eec6dd604d79db,200,Success,6349.11,1701,578955.156255277,31988.418531737,2021-06-30T20:29:14.000Z,74,False,False,False,False,False
0x07587c046d4d4bd97c2d64edbfab1c1fe28a10e5,200,Success,59027.72,8385,4643222.62202855,6794.420952553,2017-12-04T17:04:38.000Z,97,False,False,False,False,False
0x8884b3421f46d091632cacf12bb97d4a1f8f2db2,200,Success,4200.74,1158,312734.832260312,601.720374491,2021-11-24T23:20:45.000Z,59,False,False,False,False,False
0x8a3d9b45ed9d3e46af38e0976812acfdce0cc56b,200,Success,252.61,2349,932008.879806164,13183.673251041,2021-06-02T12:48:47.000Z,78,False,False,False,False,False
0xaf2acba0aa7a30439e8ae387b694b77094f772a9,200,Success,148.37,599,62566.287891439,3803.032601473,2021-04-29T21:07:31.000Z,87,False,False,False,False,False
0xba29fcf5f4c92db1e4e5103f00a31f1deac6a590,200,Success,489.43,449,144173.883047165,2404.179925002,2021-04-26T22:48:40.000Z,84,False,False,False,False,False
0xe31049608bdb594fa11295ccb90b162a04ff715d,200,Success,601.74,337,59256.644415891,119.937506507,2022-03-03T22:31:38.000Z,89,False,False,False,False,False
0xe3bac3c1173452618ce91e5653b0b715903338c3,200,Success,51.26,509,237400.07544807,181.274074398,2022-01-02T15:19:47.000Z,75,False,False,False,False,False
0xedbfb42d53e6c3a99f770b50288da0e4702f6524,200,Success,16097.17,1341,1092944.56203978,250.457305323,2021-05-20T17:42:03.000Z,83,False,False,False,False,False
0xf7eb82adeff632c0fdba349d4fd69fc3ed0a698a,200,Success,870.97,2529,1180022.80081086,16447.327363436,2021-05-24T11:33:51.000Z,92,False,False,False,False,False
0x3aafabec90ab6dfd9402ff8f7afde1d03ba14235,200,Success,1972.89,1385,1435706.27308638,36436.478895607,2021-05-25T16:07:14.000Z,94,False,False,False,False,False
0x69f7a4a7e11ce08e016837b9dd944e662bb2894d,200,Success,1187.11,9,5946.2,1911.77,2022-06-03T06:42:02.000Z,92,False,False,False,False,False
0xa7a9f8755db6f69af33f86fdcee95292d8d78498,200,Success,18.84,256,11069.694302211,7.411008478,2023-01-22T00:42:29.000Z,71,False,False,False,False,False
0xc32e6100fb7b88b8c6bf3c55a8df31fb949eb047,200,Success,1061.14,5,2682.98,408.81,2022-08-04T12:37:28.000Z,93,False,False,False,False,False
0xd3b222bf5bdeefc1df94c980b145a6716d16badd,200,Success,1665.5,25,33421.6,146.98,2022-03-05T17:00:38.000Z,84,False,False,False,False,False
0x0d1c127e5faca9dee68a22b303f50c7f4fed0a67,200,Success,436.94,1339,809616.143204684,8049.98957981,2021-09-04T05:16:44.000Z,90,False,False,False,False,False
0x139c83cdd49de7146875c312278d625241078981,200,Success,714.55,144,132295.52,1905.86,2021-04-25T18:41:15.000Z,98,False,False,False,False,False
0x21c1220ada24a69beff19a99ff83493d1e6c9298,200,Success,10276.57,857,1458247.56876932,62633.588680104,2021-11-21T00:58:28.000Z,69,False,False,False,False,False
0x343e391c520c98caa10bdfd07e005bcdbba527c4,200,Success,221.89,1721,922823.664914905,696.957501245,2022-05-24T20:20:22.000Z,68,False,False,False,False,False
0x34816b3df346ab26077e32a6749a4e117fea6a0d,200,Success,903.68,939,183065.627329785,3854.155380384,2017-11-23T22:07:54.000Z,92,False,False,False,False,False
0x4a320766dd508085198913f8eddddf6d48f6952d,200,Success,17900.59,19,30708.820453481,2.707451102,2023-12-09T09:52:47.000Z,69,False,False,False,False,False
0x930ca4b8c83d53a9b09911df73c32869a70ce0d7,200,Success,102.4,348,540036.364782263,2123.747995375,2021-08-04T00:03:34.000Z,61,False,False,False,False,False
0x9802d77b482fb71601a68006dabe4b1584a90f33,200,Success,778.71,3,7863.44,0,2024-02-13T02:35:47.000Z,57,False,False,False,False,False
0x99dbfa30cdc416eccfd8017f662cfd0230b4aa06,200,Success,952.55,152,36393.507703826,173.237083529,2022-12-12T18:45:59.000Z,84,False,False,False,False,False
0x9a7af43904f9b6fe397a7cdb58e514325bb33fa7,200,Success,16.19,53,41073.185327271,2770.885946441,2022-07-31T21:25:27.000Z,98,False,False,False,False,False
0xaa744d905e090ce6b39d7b180f60044e4264087e,200,Success,28924.48,281,442697.296304469,5673.173329818,2021-10-28T03:22:36.000Z,85,False,False,False,False,False
0xbd031be4aafca44c99c064a7e33da1950f5d6ea8,200,Success,10.54,8,826.07,0,2022-11-09T01:37:35.000Z,88,False,False,False,False,False
0xc4def4dcb2e1a21651073651587da38c36886db7,200,Success,219386.46,1741,11153824.5820604,7944.609060604,2017-08-14T04:08:42.000Z,99,False,False,False,False,False
0xeb97952c39c36ace5af7b2919ab058ab9bbcad12,200,Success,42003.51,2346,17367713.2318929,67242.070360358,2021-03-06T08:56:28.000Z,99,True,False,False,True,False
0xf45b42b64c44397ea5f08dfae70d1237f93d606f,200,Success,426.2,545,49592.313603043,1738.415425043,2021-07-25T01:37:26.000Z,77,False,False,False,False,False
0xfe055fd0976d8174f019d02bbc30598532fee70e,200,Success,3433.31,93,95791.96,2294.89,2021-02-27T22:33:02.000Z,93,False,False,False,False,False
0x0b721ae430ac89041322a9a62b1e7a8874e588a8,200,Success,8738.64,136,78370.374987602,1.200427964,2022-03-31T07:32:14.000Z,94,False,False,False,False,False
0x14759b2e39aab546d8b47342977e06ab5668290c,200,Success,4749.34,496,138754.288164474,975.20576106,2021-04-13T05:09:24.000Z,94,False,False,False,False,False
0x171b89aabe308a822978e324919ccdcb7441f1c5,200,Success,688.51,609,408153.048319224,2062.824090773,2022-02-11T01:07:01.000Z,51,False,False,False,False,False
0x541c4b19d43d26861754b6d82b0c37e4c03e3bb5,200,Success,256.55,381,1724001.52,5179.17,2021-10-08T08:18:02.000Z,91,False,False,False,False,False
0x630d47851a4d2c096347b1664bde8a4b81b55ffc,200,Success,10975.12,603,2481438.43731202,2002.95147305,2020-01-10T09:01:15.000Z,87,False,False,False,False,False
0x8605308ca7c1f7766471d669ef46b83eb0060b1c,200,Success,1634.14,1138,237050.418722305,352.810198798,2021-12-11T15:34:36.000Z,80,False,False,False,False,False
0x8ed4d3c67ee1a73f5df8ca3e10698f1cd4c5b14c,200,Success,17934.55,8502,9706021.55032555,82172.60399652,2018-04-04T23:43:19.000Z,98,False,False,False,False,False
0x9ed6c4ac6cdd4d579aa0f39e69af838d0b057d56,200,Success,8511.08,2374,3892951.61679608,23524.125668541,2021-06-09T00:06:04.000Z,77,False,False,False,False,False
0xa5c01e0235363082e3bae5f5f39848ae5bbe6796,200,Success,264.4,856,331663.976388004,15548.229059503,2021-02-17T13:21:10.000Z,83,False,False,False,False,False
0xdc1b140342966fd258885e51fcd16d2cf68be4bc,200,Success,2451.75,390,84377.633110636,59.016613554,2021-02-19T20:31:47.000Z,76,False,False,False,False,False
0xe19843e8ec8ee6922731801cba48e2de6813963a,200,Success,1041.29,1580,195898.699308888,8225.198991709,2021-07-23T08:27:33.000Z,64,False,False,False,False,False
0x3caeac7ff83b19f4d14c02cda879c4740b4f0378,200,Success,431.15,3204,1074032.65447084,10043.795241636,2021-05-03T16:19:49.000Z,86,False,False,False,False,False
0x3f96c26bd11fe8f98dae408f16cfecc68f7024d8,200,Success,122.13,8,968.18,381.11,2022-10-28T04:37:23.000Z,89,False,False,False,False,False
0x58c61fe2dbb5afa588171d8916d0230fb4d3c05d,200,Success,4384.16,106,33171.06,248,2022-05-17T21:27:59.000Z,82,False,False,False,False,False
0x6cb34c81419b62bdf26164dcd89f0d3d41373d0e,200,Success,52.12,7,5024.431526884,0,2022-10-07T09:07:11.000Z,84,False,False,False,False,False
0x87b9b50ebb38bbb968f1cd63e37675d4d4c4391f,200,Success,27,28,1472.035408878,10.563667206,2022-10-13T04:45:59.000Z,85,False,False,False,False,False
0xb6157817f5980cc397a708364c33130cf7bbbe7d,200,Success,20.69,36,1769.53,1.6,2022-12-26T18:54:11.000Z,71,False,False,False,False,False
0xbdc4c923d1af852a47987d2ee9ff2230ea8443db,200,Success,30.57,334,622170.04,294.13,2021-09-18T21:09:35.000Z,96,False,False,False,False,False
0xcd9e0fe98bfe8d06b52ff93abf12b2a63fed2bc8,200,Success,23.87,1516,211411.532929848,1080.764488422,2021-03-03T21:51:16.000Z,74,False,False,False,False,False
0xe8f34a20b4d9869374c195d0fd863972f2c81b80,200,Success,6023.67,369,134471.96697305,7.912376556,2022-06-16T11:59:56.000Z,73,False,False,False,False,False
0x1b71395cff8fb73c28906c8adfc0d57916cefe99,200,Success,376.57,513,201379.393652063,4086.681644266,2021-10-27T19:01:42.000Z,90,False,False,False,False,False
0x306105b952e4143944754b630325144185c9b595,200,Success,14855.81,2688,11090862.3515855,115536.700924803,2021-01-23T14:47:22.000Z,96,True,False,False,True,False
0x416b5a1645648ceef04bb14b0e174a878e40b552,200,Success,17264.46,146,64656.98032956,444.200038915,2022-09-04T15:06:53.000Z,92,False,False,False,False,False
0x6f2e015227f89992a7608b84bf3e1ee28dde1afc,200,Success,7.85,89,40911.981139056,112.360400886,2022-04-21T21:12:49.000Z,80,False,False,False,False,False
0x830b6b3df8198e78c8265216b4b308fd8cf9794d,200,Success,0.55,9,2609.29,172.81,2022-06-02T14:39:55.000Z,89,False,False,False,False,False
0x937787ec67a56084ab02410ca79c99f6d8560c7a,200,Success,82.78,1,8.61,0,2022-10-11T04:36:59.000Z,84,False,False,False,False,False
0x976688566769440b914ace090160adca4301dea1,200,Success,59.11,4,122.58,1.39,2022-06-11T21:19:20.000Z,84,False,False,False,False,False
0xa7a6351ff451d1dcc2e7ac2b1ca1cbbe765507be,200,Success,1418.66,281,66518.29,313.81,2021-01-24T02:30:35.000Z,86,False,False,False,False,False
0xcee0c9022120a24c720516247c8118c7be175ae8,200,Success,3081.65,4622,2276583.00572259,8233.973333955,2020-08-02T00:41:15.000Z,87,False,False,False,False,False
0xf922393931d2ed1160bc995e40fdac8c60fb7845,200,Success,1143.02,477,320509.406520313,333.326613626,2022-02-05T23:38:43.000Z,88,False,False,False,False,False
0x0d26f81bf7cd3e8a525abf5794ccde73c662ffb6,200,Success,16.9,6,271.21,0,2023-01-20T17:42:47.000Z,79,False,False,False,False,False
0x10472fea972d9dde0c7ef98bd81209a4e4d13277,200,Success,134.27,2614,1680176.27805107,16081.215950753,2020-11-12T23:08:25.000Z,83,False,False,False,False,False
0x16de0aa7a20c36eb7a8aa0b892459bb40507c96e,200,Success,55.42,2,5.35,2,2022-07-01T15:26:15.000Z,84,False,False,False,False,False
0x19bafb19c71ace7dd16843f4c11f81faa6fbf62e,200,Success,8718.98,908,1208723.16,3990,2020-08-01T02:36:33.000Z,96,False,False,False,False,False
0x2d1543711bd262108fd8a1afb43d8871f76c134c,200,Success,2134.48,10,380.84,0,2022-05-24T07:47:01.000Z,97,False,False,False,False,False
0x333983eb213d132cf4f71751dd38802d0362e3fa,200,Success,2178.09,1215,3552799.27949621,1075495.38736931,2021-08-01T21:50:36.000Z,91,False,False,False,False,False
0x34fa3f29d4194855619605ee9117c7437f457629,200,Success,23.31,57,33924.581794617,0,2023-09-13T19:14:59.000Z,69,False,False,False,False,False
0x6444ff67a60e4d612f47236d7421e46bc2cdc69c,200,Success,1779.4,4844,4476042.20201803,36094.557279222,2021-05-07T18:43:09.000Z,88,False,False,False,False,False
0x6a9a8e67dbe22af0bb55ea0fa44df8212b175a1d,200,Success,1133.36,1597,1211301.71811762,8662.919533248,2021-07-17T14:53:57.000Z,73,False,False,False,False,False
0x70af781f6851b057adcd963da042aaca1915050b,200,Success,460.08,1221,523279.622577143,122659.72176312,2021-01-24T01:38:51.000Z,87,False,False,False,False,False
0x774873f7a7d11de48de2445cac6608942c091c60,200,Success,139.39,78,25293,86.92,2021-12-03T17:05:31.000Z,80,False,False,False,False,False
0x78c4b4a8bb8c7366b80f470d7dbeb3932e5261af,200,Success,1238.83,2989,1796292.44370448,21312.687274475,2021-02-25T03:04:34.000Z,65,False,False,False,False,False
0x8f25432fb30f642693606a53da28e7e49126f29c,200,Success,1980.82,57,68274.247571719,366.524011429,2021-09-16T21:06:18.000Z,94,False,False,False,False,False
0x9f50183812bf7dad0967e6cb42aa041919c13026,200,Success,18191.92,631,163879.684299118,5.438853677,2017-12-25T20:44:39.000Z,94,False,False,False,False,False
0xada8bd41d5a5969a9797446425ae086cb9c506d9,null,Wallet Not Found,unknown,unknown,unknown,unknown,unknown,unknown,unknown,unknown,unknown,unknown,unknown
0xb5f9810b3ca699e610bb38c1221bc705a599c295,200,Success,19.78,30,4351.91,90.06,2022-09-15T16:27:23.000Z,89,False,False,False,False,False
0xb7f167d304710439d6e72516a290942043d7388b,200,Success,3081.66,9,9425.33,1941.56,2022-05-29T14:28:57.000Z,96,False,False,False,False,False
0xee78bfd346988514372e11b8fb924b5ee251c2a3,200,Success,2094.5,62,231561.52139308,157775.694795509,2022-10-19T21:48:11.000Z,95,False,False,False,False,False
0xf4f366ca23d4629dfb72560f61d3f0ea2f3dc700,200,Success,557.73,3,1127.53,73.79,2022-09-17T22:14:11.000Z,91,False,False,False,False,False
0x051a0259259db0e5785cb2ab04f72ca9e754381d,200,Success,912.45,371,136981.185006074,1694.295479645,2021-10-03T04:33:20.000Z,93,False,False,False,False,False
0x0bfff40545a2250c3f11993e7b75dbbcb11e36ac,200,Success,20570.82,4846,60093914.8775554,7234.048310998,2021-05-18T16:47:53.000Z,89,False,False,False,False,False
0x0d6af77bbe6a937826a69f2968b4be64c3c83a3a,200,Success,1623.91,167,221159.1,41.73,2021-04-02T17:05:45.000Z,92,False,False,False,False,False
0x192a479e5c72fc0a235ddadcbdea961eb9c3792e,200,Success,84.25,156,93547.093406131,533.839905576,2018-09-14T03:05:54.000Z,87,False,False,False,False,False
0x1cc184f8f8af3b6c73c3efbaae4f980935211558,200,Success,189.96,12,45.48,8.29,2022-09-01T14:30:11.000Z,97,False,False,False,False,False
0x275381048c9d6b9cde3375815466f9ae14736a86,200,Success,1897.8,1483,389401.02,7338.84,2021-02-14T20:10:16.000Z,74,False,False,False,False,False
0x27ca52818a435fd3a949fbb4ce7aacb8ce19d4d6,200,Success,575322.28,4156,12792042.6910913,1641.312320859,2017-10-08T02:08:13.000Z,86,False,False,False,False,False
0x2ca2d2e88775013c7c5f3f2b4ba19abcd4db2bc3,200,Success,331.06,487,341069.423623695,6628.603632913,2021-04-13T19:03:46.000Z,87,False,False,False,False,False
0x34bf92c4be8f785e56b6c42ff56e24d74c8e6402,200,Success,693.67,32,104017.22,1953.63,2021-11-28T05:10:40.000Z,79,False,False,False,False,False
0x3664633f98f2c7f89cb8baa9f3a6058ac2c53adb,200,Success,19.67,11,720.48,329.43,2022-05-30T20:24:32.000Z,84,False,False,False,False,False
0x3822fbbfa4001ee6348b8f786727388eb4d82e4b,200,Success,448.72,606,619525.736129416,3891.488626054,2021-05-28T17:11:25.000Z,82,False,False,False,False,False
0x3d78f798d92623e3ef01a4fdcb613763de51aa3e,200,Success,60.69,27,13928.764970294,8.110125942,2022-09-12T17:56:00.000Z,80,False,False,False,False,False
0x4d676d9f6f43fd8319867be28d959a101050f336,200,Success,193.38,181,22029.217573204,5690.851482664,2022-06-08T00:25:27.000Z,87,False,False,False,False,False
0x57f8826cca527132c298174641355ffd5d726270,200,Success,1.25,5,582.69,382.21,2022-10-28T04:42:11.000Z,84,False,False,False,False,False
0x5ca0c4150e033b77f2472081f708b11c3034ac9a,200,Success,821.8,41,67005.72,376.26,2021-12-17T19:58:13.000Z,93,False,False,False,False,False
0x5d646abb4d59194e5ce49a07ef0753281f324909,200,Success,38.56,234,621099.943359108,388.087958298,2021-08-01T00:48:25.000Z,67,False,False,False,False,False
0x6aade9a26ffa38040973965169d094ea4e17e608,200,Success,4400.59,1141,443664.614128433,2244.641739791,2021-07-31T16:35:31.000Z,85,True,False,False,False,True
0x76d7444eb3f967bb058c55c06e150b2eb269282f,200,Success,2867.61,1349,747068.557074526,9936.589749059,2021-09-20T05:40:29.000Z,91,False,False,False,False,False
0x864551ddcb82f11cbf6bb023fac0beb62846474b,200,Success,0,0,0,0,2022-07-01T18:29:44.000Z,84,False,False,False,False,False
0x8e8ebc65dfcbc3a365ee829d9c336259a39c8420,200,Success,850.13,643,120198.659422063,26.768368234,2022-07-13T10:45:50.000Z,56,False,False,False,False,False
0x8f790364aa96b7b5ac5ac26fb38321d54a92bd9d,200,Success,19524.78,200,181409.83433405,1182.36736826,2021-12-08T22:25:06.000Z,96,False,False,False,False,False
0x915d554021bc615a25f5d48a0b975353d98b5601,200,Success,1540.15,809,265063.899918038,63212.536173263,2021-10-06T21:36:01.000Z,66,False,False,False,False,False
0x99cee6ea9e96b1059889d624f83fc893099635c3,200,Success,137.91,7,14428.15,1783.27,2018-06-02T19:14:03.000Z,87,False,False,False,False,False
0xa33ba5acecd5f4a65a67a1a2ed3b790f34ff8139,200,Success,2297.88,208,194073.099511562,1301.680035041,2022-01-19T18:23:41.000Z,95,False,False,False,False,False
0xa4ce0637b6babbc862b2d3d77f20876415094edd,200,Success,414.69,41,5056.22390455,104.870051116,2022-05-29T17:36:20.000Z,80,False,False,False,False,False
0xa5870a40dbbb373a10ea6170c6e99177db53a114,200,Success,1255.9,591,142827.9,5869.24,2022-03-31T13:51:36.000Z,91,False,False,False,False,False
0xb89f17c7979b1423f5e339b059791235f99e5c0e,200,Success,18.86,176,74085.279251235,6998.591613111,2022-06-06T22:43:36.000Z,93,False,False,False,False,False
0xb9be6a60faad391059aaccfb5af3729f1e03fe52,200,Success,41059.64,762,240813.737913807,2172.27672818,2021-09-16T05:44:03.000Z,89,False,False,False,False,False
0xc88646ba27442a507c965fef65bb870da9b5fd4f,200,Success,158838.33,618,411669.01,1964.43,2021-05-29T00:24:56.000Z,97,False,False,False,False,False
0xcb3d3ee0f4bab6d904eca233a9301f84ee994757,200,Success,868.94,41,12147.67,14.68,2023-11-12T02:42:35.000Z,65,False,False,False,False,False
0xcdf117558c6cd40ea72bbc6d2d6dfd4b5b37248a,200,Success,749.26,509,88115.473995723,1766.600932273,2021-06-10T01:11:06.000Z,92,False,False,False,False,False
0xd09c6c5ea5d92bbf1fe60bcfd38e987e4be960de,200,Success,93.95,844,457292.262944417,4883.641600387,2021-05-10T15:33:06.000Z,82,False,False,False,False,False
0xdf08e06c8f977342c396ab9c11339948434f8a22,200,Success,6934.14,404,382213.951825859,10500.335254784,2020-09-02T21:07:39.000Z,96,False,False,False,False,False
0xdfdf1845befa1dce09cd171b7b79b460e49cf80b,200,Success,5015.74,797,383686.220858857,12232.958755949,2019-12-06T23:40:41.000Z,85,False,False,False,False,False
0xe5bcd3a35103d14a190a6e8e24581fc1d011cf11,200,Success,418.46,249,204650.706677359,4163.935640139,2021-08-27T00:44:41.000Z,92,False,False,False,False,False
0xe778e648bde0e99f24e78604e4705538f350fe9e,200,Success,194.2,47,22603.128990951,5.485738303,2023-11-18T18:43:58.000Z,73,False,False,False,False,False
0xf6b840a561332956addce346271f197b0831b5df,200,Success,164.92,331,385702.912478862,28653.194061027,2022-07-10T20:31:13.000Z,83,False,False,False,False,False
0xf8fd5c77af18c6cf6f3d8274dd6eedf92644bd35,200,Success,464.81,1,13.18,0,2022-11-08T22:38:59.000Z,84,False,False,False,False,False
0xfad71f5746a274cdfb5274d821b6f6ba2658b419,200,Success,19.55,109,62213.66,1827.62,2021-02-11T19:21:59.000Z,94,False,False,False,False,False
0xfbbbb73550049eeb3fe67db8cdc4419f34a65555,200,Success,1087.99,105,260190.848667133,563.504670769,2021-08-22T02:58:33.000Z,67,False,False,False,False,False
0x05d7c98ea6c8fe3d38b314ff7b0cc5be8e894747,200,Success,33.23,171,112.51,9.76,2022-06-24T08:05:17.000Z,84,False,False,False,False,False
0x11e5f31fd0e62654912eaea3d403b5a761fb6fd4,200,Success,41216.95,4780,71653740.5526304,695.69422926,2020-08-14T18:14:13.000Z,84,False,False,False,False,False
0x1a48279a1de4c8cb3624494e2d0cf2796a4a7469,200,Success,14940.32,99,10993.945674098,701.220420882,2023-06-10T03:37:23.000Z,97,False,False,False,False,False
0x219b339b0a500c9d36d9a8ed4020f98fc12bd2e6,200,Success,310.04,6708,9076460.02873429,117556.114209957,2021-04-23T20:27:29.000Z,80,True,False,False,True,False
0x29bf5f20b371810a6b39f75223ff7ff5c04083cc,200,Success,5493.25,265,169187.487361052,3047.399927247,2023-04-02T04:50:35.000Z,85,False,False,False,False,False
0x2cffaf39f38e46356083cee0df3b92496fde85d8,200,Success,11320.23,1172,558058.210981221,5608.490811535,2018-02-12T00:18:28.000Z,80,False,False,False,False,False
0x3e56102d55a4550885ff5e0057456deb19915882,200,Success,64.87,925,189660.080780072,1034.742788266,2017-08-17T10:49:31.000Z,83,False,False,False,False,False
0x449ebd30c15fc67ad1c80b85e1cd57d5463c93ee,200,Success,499.39,689,289762.547764431,3456.620752194,2021-05-15T00:56:10.000Z,49,True,False,False,True,False
0x49d33037fb37bd8f4a4817bf425540c2d5e4d30e,200,Success,243.46,1225,310806.398096659,563.17283111,2021-02-13T12:40:54.000Z,93,False,False,False,False,False
0x4e9858354bd4d3389f94950c6c3ef8e74ee562b5,200,Success,570.03,12,8047.55,0.67,2023-07-06T17:39:44.000Z,62,False,False,False,False,False
0x4edab39844b25decab8398359bd5d1850614edac,200,Success,1248.23,216,79931.708495794,1760.10286343,2017-12-07T18:57:52.000Z,94,False,False,False,False,False
0x5d70ff1b2cf30c72dcccdc161674ed2fc527f0e8,200,Success,62.8,44,4601.84,26.78,2021-11-02T10:37:35.000Z,60,False,False,False,False,False
0x6212fd456161658fb5d960db77ea6eb62e8a7ceb,200,Success,2235.99,71,1861.71,0.01,2022-11-14T15:24:59.000Z,82,False,False,False,False,False
0x652b38b34e152f995575e0d0137cd5dea73b0103,200,Success,0.57,4,321.95,0,2022-11-05T20:08:23.000Z,88,False,False,False,False,False
0x7000256b2583f9ebf00c4d958a2d08f329ac00bd,200,Success,622.36,158,29545.64,1.13,2022-10-23T08:04:47.000Z,73,True,False,False,False,True
0x77e125d23e6c0d081086f0d849b4350ea6206a8c,200,Success,5026.48,15255,77970300.8188089,216974.595549368,2019-04-12T20:35:37.000Z,94,False,False,False,False,False
0x866a0bee421ce4f430ad29cbbcd9a6f2b299bb2e,200,Success,1889.84,474,475662.32428442,11.312404993,2023-07-30T08:42:36.000Z,87,False,False,False,False,False
0x8716f73d87d5972cbc0ad0fa38f09e48aeaa1416,200,Success,724.48,3321,720523.32588227,6854.432272818,2021-06-28T20:17:41.000Z,77,False,False,False,False,False
0xa0efdc04e718635da15985ca63c3091795f03979,200,Success,54147.46,1666,6238984.77314041,23554.711712343,2021-01-30T06:41:07.000Z,92,False,False,False,False,False
0xa41a4b84d74e085bd463386d55c3b6dde6aa2759,200,Success,6922,5211,2943426.74766741,27791.280653369,2021-03-05T00:45:34.000Z,94,False,False,False,False,False
0xa72143ff6618d3814c766235096922f0526c74bf,200,Success,655.26,6,407.27,67.95,2022-08-27T19:58:54.000Z,89,False,False,False,False,False
0xa802632240b0aec7d413c0b94f93932ae099e638,200,Success,52.9,573,2053295.37807033,394.68042153,2021-07-22T20:41:54.000Z,89,False,False,False,False,False
0xa83a6b5560682e63e716156d1e171e0b8d5277e3,200,Success,8.79,188,16868.989185792,131.470741444,2022-02-13T16:59:06.000Z,69,False,False,False,False,False
0xaa26e5de4da25c52c6aaae49f3ea7e852210c4c4,200,Success,99.08,1008,194347.99413374,3396.233604529,2022-06-30T03:41:06.000Z,68,False,False,False,False,False
0xbf440daf0b76b711f33d1b8fe2ffab1177b32d2e,200,Success,167.57,86,27959.19,62.87,2022-04-23T02:24:12.000Z,82,False,False,False,False,False
0xc1baf9e3a94a0d6d28573be9a3c65abd597a6cac,200,Success,0,0,0,0,2023-03-12T05:45:35.000Z,78,False,False,False,False,False
0xcf0d4f1c2d907a4c451b8b1730295c7f31662c35,200,Success,4596.87,78,19437.08,401.55,2021-10-29T04:51:01.000Z,87,False,False,False,False,False
0xd3fedda47c1206b726aa58a5f7cad3eefe4c0a98,200,Success,1228.7,172,2021.28,404.98,2022-11-01T16:12:35.000Z,84,False,False,False,False,False
0xdaed15eb94698cdd18cc2dae0a5acdad77e63ddf,200,Success,3774.92,5876,11139769.5962912,68753.927907788,2020-09-01T09:04:42.000Z,95,False,False,False,False,False
0xe9581fb58eb6fdcbd45fcba793149bab6b0e0c4b,200,Success,295653.65,2471,12972704.0484615,32450.015074092,2021-02-17T17:05:40.000Z,96,False,False,False,False,False
0xee032424e7fad60517a11d4c9525146de6c13def,200,Success,241.62,1220,2283702.66076253,151.116541674,2021-12-29T20:50:23.000Z,63,False,False,False,False,False
0xf3249fd8abbdf22e2e3b26e2b10fc099540a59bd,200,Success,197.21,40,2478.439556955,684.922614514,2024-01-21T13:56:35.000Z,73,False,False,False,False,False
0xf8071723acbcb5207a2b2e8ad29cac8432f3fea6,200,Success,51.35,280,1749.606443732,0,2023-05-10T15:36:09.000Z,80,False,False,False,False,False
0x09187ebd7d6018e2a871ca5c4868cddbd498738a,200,Success,466.12,3371,457899.891130637,5910.290400996,2017-12-20T05:10:58.000Z,94,True,False,False,False,True
0x12f0d9f62c8e833e49aefa4a79e9f7cc3dc24663,200,Success,451.35,77,10630.756160402,0,2023-08-06T04:36:35.000Z,82,False,False,False,False,False
0x223ed8e5b169575a47a35c5a527abc379dbb2391,200,Success,58906.63,1638,1619896.29783848,1198.22262896,2021-10-07T03:51:17.000Z,71,True,False,False,True,False
0x2cabf2ff99590569841408f12ec6c8ffd2ae72d8,200,Success,60.08,489,47602.494656184,25505.077969932,2021-10-03T05:53:14.000Z,93,False,False,False,False,False
0x355aebb857b53799def8903b548bb7c60fd48adc,200,Success,522.57,171,37925.24,230.86,2021-08-27T15:25:37.000Z,90,False,False,False,False,False
0x3d3a460f537d1c0de04a73c106e2970f5e4b243a,200,Success,1525.88,144,42735.241247081,97.374424649,2021-11-10T21:51:27.000Z,86,False,False,False,False,False
0x4010d0013e22a750e77643067bc6f9ea0bf6a2fe,200,Success,384889.53,134,3932.78,0,2019-09-21T15:27:31.000Z,87,False,False,False,False,False
0x5022cf478c7124d508ab4a304946cb4fa3d9c39e,200,Success,19631.2,1826,382266.426611099,3207.041956784,2021-02-09T06:02:44.000Z,81,False,False,False,False,False
0x51f620cea90d817a4e4def15f1c96f5083486a34,200,Success,1603.3,347,62641.07068235,573.878181621,2021-07-29T14:52:45.000Z,86,False,False,False,False,False
0x55cabf5c76aeb702b56f64fd935587ae7d2ece81,200,Success,224.84,732,808878.671365665,172.708402311,2021-06-28T20:06:32.000Z,90,False,False,False,False,False
0x6d251156a1030ef4a1a9f16c73d4e0a92956c261,200,Success,7414.84,99,44234.161476884,13.881802537,2022-10-22T03:17:35.000Z,37,False,False,False,False,False
0x76b36414e370a46cefcc58a8fc39f1ee86daf620,200,Success,852.61,140,22113.005389459,319.969266503,2022-06-01T15:41:35.000Z,85,False,False,False,False,False
0x7d3c21d9498249d7066b0c4eee7409534d051bc9,200,Success,92.51,1596,830984.528900056,3146.337446588,2021-10-29T21:34:48.000Z,80,True,False,False,True,False
0x7f5a1afefe061395bdad9256251d16b70ea27733,200,Success,555.7,1788,473411.229685712,976.732720465,2020-12-28T06:52:48.000Z,82,False,False,False,False,False
0x90ae57d22f60d0c3aa3b2a91c04c7f4ae9cfe296,200,Success,112.08,3,1091.77,3.66,2024-01-05T12:04:23.000Z,61,False,False,False,False,False
0xac6c327e1ebecf75d3889352d67055f89e080889,200,Success,6.59,20,1738.56,195.63,2022-06-12T21:17:53.000Z,89,False,False,False,False,False
0xae1781d68a089a9b717b645e5e494019ff5516bf,200,Success,25913.7,292,202741.83,1305.52,2021-09-19T15:37:07.000Z,89,False,False,False,False,False
0xb2f809bba320d1088037c60154f13453335b45a6,200,Success,5.51,202,4588.469662614,0,2021-09-16T18:30:26.000Z,93,False,False,False,False,False
0xb3d35f151c87281658671bb7cc34feb107a52ff7,200,Success,19856.55,680,22206.316173156,74.819684128,2022-05-24T19:09:12.000Z,88,False,False,False,False,False
0xb7452634e33cac312d5185c456db5445d6eec3b8,200,Success,11258.89,531,315627.400602726,94.181561154,2021-02-28T16:22:39.000Z,92,False,False,False,False,False
0xc26a5e0a7f6537cef69de6b035345b636eb6b58b,200,Success,114.12,972,633095.7992254,31738.822629703,2017-06-26T17:54:51.000Z,90,False,False,False,False,False
0xc7b61cacc9e8007799ab8e25cc596ddbadd214d1,200,Success,14566.25,77,48597.981285869,1983.636539851,2021-12-27T16:32:01.000Z,90,False,False,False,False,False
0xcfc21af1c10274bbdebf0a2084dd67060dc16899,200,Success,5217.63,642,265972.492951825,4949.911998389,2017-12-06T03:25:02.000Z,82,False,False,False,False,False
0xde1860f55eb551ee63848dcedd922912f825bd36,200,Success,2245.65,98,14138.465563874,72.164221073,2020-11-06T08:25:31.000Z,93,False,False,False,False,False
0xe1df5b8c0ca6c53bb0eaf67e5853baa64f3a2d02,200,Success,1254.75,931,371319.471526471,165.968076624,2022-03-21T12:47:19.000Z,94,False,False,False,False,False
0xe9fe2358e0c6b70edb2944ec6ed5c82e8f6baaf6,200,Success,9726.76,760,320679.996649227,4145.293006924,2021-08-13T15:35:53.000Z,83,False,False,False,False,False
0xf18507476c5d3d8d6df01a091167c96672a3504b,200,Success,3007.62,22,24630.64,6.97,2023-06-09T15:19:47.000Z,66,False,False,False,False,False
0xfdee4f4437e27293aa0786b74fcdd7818ac719f8,200,Success,753.89,463,111875.296599117,2048.71939667,2021-11-09T17:24:51.000Z,80,False,False,False,False,False
0x00256459ab74f94521cd393bc9634707f8acc4ab,200,Success,1380.86,4723,63509.581888647,11495.469317838,2023-03-22T17:41:11.000Z,36,False,False,False,False,False
0x0611cb270724ead4505ae186181726c1272eec88,200,Success,10.55,3,11.51,2.96,2022-11-17T21:27:23.000Z,84,False,False,False,False,False
0x0714b591738b0fad3c40a4ad2ed5aa1ed28f44f4,200,Success,3915.68,469,89976.286965376,1159.333962533,2021-08-10T01:29:18.000Z,90,False,False,False,False,False
0x084eb50caf26597884a49f8f9cf96ee05ec9c32f,200,Success,1.01,58,8374.95,177.17,2022-11-07T12:46:11.000Z,86,False,False,False,False,False
0x0c564d848328fd082d7c6a48bf0c0a7ad0c2d8a8,200,Success,3228.13,404,156147.135030069,2832.213707115,2021-09-12T00:43:54.000Z,93,False,False,False,False,False
0x0dde067b589731bb9b3c36c5740d95d43659f54a,200,Success,13.22,50,7431.29137642,4.779773477,2022-11-18T05:35:47.000Z,87,False,False,False,False,False
0x1010595f96ab62b31bfeac411ec5f8f60db5dc23,200,Success,48372.46,2235,6209618.38262453,30535.737936122,2021-02-16T01:44:15.000Z,90,False,False,False,False,False
0x1edbadabe2a0835143b2df98e10e490028c7eedd,200,Success,63.59,239,14445.64299362,61.032958248,2022-06-24T15:33:13.000Z,94,False,False,False,False,False
0x1fad9f65b39d235469bcb59bc664872b93eecac5,200,Success,131.9,548,85211.470621627,1889.014625582,2021-09-29T19:58:43.000Z,93,False,False,False,False,False
0x2212c1c14747ac2ef4b7d6a293cd9293ebf7f1bd,200,Success,2376.95,309,155620.227150735,10.416813019,2023-08-26T05:37:23.000Z,25,False,False,False,False,False
0x2400044b4e3629429e6f54c8bb0d7c40a0f3bab1,200,Success,5531.67,1304,949017.604087071,589.199500231,2021-02-04T14:45:27.000Z,92,False,False,False,False,False
0x284130efe893c03248d1296d06ac1b9743a15993,200,Success,3400.22,96,12807.024853548,2.782851745,2022-12-24T06:31:23.000Z,92,False,False,False,False,False
0x2adbc63f1a72d33b8050521eca1b57d335bd9dbc,200,Success,23905.73,5096,5240774.1097529,3144.655749373,2020-06-09T09:00:58.000Z,90,False,False,False,False,False
0x32a25d13206b998fcc107f77dd3ea2ebc1608427,200,Success,15.13,597,293282.721169522,3678.21054823,2021-09-02T16:21:35.000Z,90,False,False,False,False,False
0x34cbaabce614f2150f478374c44f461e105c5057,200,Success,678.06,146,142940.358723226,9.111119693,2024-01-13T00:48:59.000Z,52,False,False,False,False,False
0x39364d56888e622da76804a706e29a628932174c,200,Success,25.11,107,29255.461917128,3925.484547295,2021-08-08T15:29:12.000Z,92,False,False,False,False,False
0x39ba56acfb9ac0ee019c63e529b9fa10ab74b4e8,200,Success,1495.47,154,59727.64,386.22,2021-12-24T02:57:16.000Z,78,False,False,False,False,False
0x3af99a4ba2943de1b56ce887eac9425c333a1472,200,Success,1377.01,875,146721.353939379,1567.355332021,2021-02-23T21:15:27.000Z,74,False,False,False,False,False
0x430f3128e85a8544a3d944dfb3d9e4f0d3f96889,200,Success,11174.86,42,169351.52,0,2022-06-13T16:52:48.000Z,97,False,False,False,False,False
0x45b502eaee1ace003d0765f26a146a2d41015eb3,200,Success,6.34,18,2114.92,385.32,2022-09-15T19:59:23.000Z,84,False,False,False,False,False
0x48a206ffbd8b0bfde9f59a7f7a6668ae9f04de84,200,Success,112.25,678,27358.970374212,32.369733932,2022-03-19T20:36:43.000Z,91,True,False,False,False,True
0x4b734b8a51c797db836c068660ddef51b4ebf15a,200,Success,0,0,0,0,2023-08-19T23:35:47.000Z,62,False,False,False,False,False
0x4d96c4cd2555bdd631af663adc236676c3208c18,200,Success,946.16,224,82854.547521119,924.012660931,2021-01-24T01:02:44.000Z,90,False,False,False,False,False
0x541e2a5a2edb8649da6865b3822f7d104d5e0280,200,Success,486.86,594,45512.621371632,281.228867711,2018-03-17T01:11:22.000Z,90,False,False,False,False,False
0x558811fc00a6e733cf937c2b535fb1455320b422,200,Success,103.99,122,230.21,0,2022-10-28T20:12:11.000Z,89,False,False,False,False,False
0x5e0c7aa628992112e4773e8cf27da16a06601b53,200,Success,4180.5,702,626331.615593619,113.81004318,2021-10-31T04:03:15.000Z,89,False,False,False,False,False
0x5f67ffa4b3f77dd16c9c34a1a82cab8daea03191,200,Success,112.21,3859,931938.434289139,5101.740937742,2018-03-14T17:11:42.000Z,63,False,False,False,False,False
0x61a9cd6dfc86e12e69ab098351fb785fa3a2a743,200,Success,1722.35,125,27224.037658466,80.60646889,2022-05-16T08:05:46.000Z,82,False,False,False,False,False
0x669e69daf725648d187ad1b6b9b8476f3ae70d09,200,Success,46.23,532,32876.738398774,1329.892545365,2022-05-28T17:54:47.000Z,89,False,False,False,False,False
0x6d296bca292eb3eb0fb514f9b80bcaea06f3276e,200,Success,7.73,1540,80260.75,50.79,2022-10-24T03:58:49.000Z,81,True,False,False,False,True
0x7055d2b309057d3396f7d005c8e1d61269b993a0,200,Success,4662.92,885,259690.94415355,1230.697972108,2020-10-21T23:52:34.000Z,88,False,False,False,False,False
0x79e9511e8df91c5222a6ea81a43840795693973f,200,Success,174.75,312,141455.076863218,7942.48794396,2021-08-31T04:03:40.000Z,92,False,False,False,False,False
0x7a710c6e6807a527aa51afd0401c1d45757bfee4,200,Success,2105.73,556,40163.74927745,45.100000827,2023-01-09T02:09:47.000Z,60,False,False,False,False,False
0x7bcc273233af9ee695b101bdfdd01e003f97e0bb,200,Success,10261.7,73,44914.44,275.59,2022-03-16T14:34:03.000Z,86,False,False,False,False,False
0x85a7951a4d6cbe216da59f169774510f0f172e86,200,Success,4838.06,4162,5741158.04751215,139.04339955,2023-11-12T02:12:35.000Z,7,True,True,False,True,False
0x8b1bb5e74857589e12860b9568a07c1048573b2b,200,Success,3255.47,476,129607.194730526,827.428360271,2021-03-05T05:57:18.000Z,88,False,False,False,False,False
0x8b945c1312943b50c4d421520f62daaa65ec9372,200,Success,170.72,338,95548.800031727,1287.580898448,2021-09-11T18:49:58.000Z,83,False,False,False,False,False
0x8cb4674becfe62e23be8936f33c53d7ad785512a,200,Success,158.67,724,255796.89,908.09,2021-05-09T03:13:54.000Z,86,False,False,False,False,False
0x8d98147debc1ac96888d2a34b20cd187bb9f6661,200,Success,136.81,10,509.9,0,2022-11-29T15:06:11.000Z,91,False,False,False,False,False
0x924d0812ccfa3811ec185f54803cc2a87e59608d,200,Success,15697.45,1848,1355594.74551531,736.589389612,2018-07-21T16:21:13.000Z,85,False,False,False,False,False
0x940e94e2c3ab07b0854b605211291a95d960c244,200,Success,3901.6,1909,747136.4039177,205.725362782,2021-12-19T19:36:44.000Z,73,False,False,False,False,False
0x95312ca698f23972a639c2c21e2885f390c0bb51,200,Success,194.12,3089,1168789.89626565,35297.105495857,2021-04-28T17:38:37.000Z,75,False,False,False,False,False
0x9600fd7a6a27e07242609f2fd6b41dd17f26cb71,200,Success,51.19,203,50743.402303356,13.570333087,2021-03-05T09:04:16.000Z,72,False,False,False,False,False
0x99c0a880d407d9769b8d2cccb15c835eb6b7d10e,200,Success,1231.72,745,50684.78,2.96,2021-04-06T19:47:36.000Z,55,False,False,False,False,False
0x9a56d4d619ad1156e876a718b465b716aa503ce6,200,Success,0.97,129,30396.02,65.4,2022-04-27T05:48:11.000Z,94,False,False,False,False,False
0x9d2898f0a6531b9850caf73f5a0370f25a808eb1,200,Success,4.92,90,21302.52,341.02,2021-12-12T20:56:07.000Z,87,False,False,False,False,False
0x9d8a35353a4980d6c05ed8079a7b6c66c3a056a7,200,Success,3046.29,102,17005.93,0.97,2022-11-27T14:33:11.000Z,95,False,False,False,False,False
0xa101064ebf57549e47e955c746744342bdf613b5,200,Success,2063.69,303,44180.17,0,2021-09-01T04:08:24.000Z,98,False,False,False,False,False
0xa261634e88daf2630946ee07c643bbd4de640eca,200,Success,5311.49,363,63921.49,155.96,2021-05-16T07:37:10.000Z,61,False,False,False,False,False
0xa3d961697c59817ce7cffccd8794d91b236666b8,200,Success,184.41,1917,530752.295633762,2402.534695237,2022-04-21T06:43:18.000Z,85,False,False,False,False,False
0xc0f4f2eb2e01ced954fdbebd1feff12e584fc26d,200,Success,3370.44,708,422664.138155366,675.39027439,2021-07-04T00:08:31.000Z,95,False,False,False,False,False
0xc0f65b93f77fa896bc60b4ffafa15c34f4cfd06d,200,Success,5378.55,2065,1449638.70371011,68.453121915,2023-07-15T07:53:23.000Z,17,False,False,False,False,False
0xc233beb7d1722f8b83ad6932015f0aec6102f354,200,Success,348.47,876,42026.632962502,80.902660878,2021-08-11T19:07:50.000Z,91,False,False,False,False,False
0xc3802dc1432a8f731946c9ebd73f1281a7e23212,200,Success,8501.57,1101,458359.850319736,3434.527302099,2022-03-23T09:02:01.000Z,85,True,False,False,True,False
0xce7c26d7b87378e8c022ab29086cbb24f8626b3d,200,Success,838.26,485,583772.89,17.62,2021-05-02T18:10:52.000Z,92,False,False,False,False,False
0xd102753b2f83f7b46027483360227afab13ff48d,200,Success,6.46,447,308997.300608617,10654.389559602,2018-05-28T00:11:06.000Z,87,False,False,False,False,False
0xd6f7af0285068e3745f39607b9aa5f81fed7a6bb,200,Success,11153.39,1326,372752.465077993,18812.691640058,2018-10-10T04:10:58.000Z,88,False,False,False,False,False
0xd8b07bc1bc3bae553bca5e94e99935dc12df24ff,200,Success,54376.45,11970,36312429.2618382,55470.248222817,2021-06-05T17:42:37.000Z,66,True,False,False,True,False
0xe557a4c134f67696dcde65710ee25c839ba62be4,200,Success,0.58,4,112.23,0,2023-01-04T08:19:11.000Z,92,False,False,False,False,False
0xe597dcab464993af05402dd8310f3f85291efdb6,200,Success,12593.55,1007,961527.787742769,3123.912897681,2021-07-17T04:27:49.000Z,88,False,False,False,False,False
0xe7f82d6c12cc47af6965176f0936a2ccf904bb0f,200,Success,835.61,106,6194.94,100.23,2022-04-15T10:57:16.000Z,90,False,False,False,False,False
0xec638c4d5668ab95c2d9ef96ace905641091c520,200,Success,22.71,35,7185.17,0,2023-03-28T21:30:57.000Z,56,False,False,False,False,False
0xecc953efbd82d7dea4aa0f7bc3329ea615e0cff2,200,Success,895.79,5372,3027163.93141843,81835.366151158,2017-10-05T17:38:07.000Z,90,False,False,False,False,False
0xf5182392c58315384e5a5e844aab7484720cc2dc,200,Success,449.58,74,2432.541751249,13.938190327,2022-07-06T18:24:40.000Z,89,False,False,False,False,False
0xf557c86156b3916e168d5c9ee7fcd98824baeb03,200,Success,25.05,2,311.59,0,2023-04-30T15:05:59.000Z,72,False,False,False,False,False
0xf959e5fac1dfc98671acef99b601c9ca0484151c,200,Success,308.41,631,11403.47,7.14,2022-08-03T21:03:07.000Z,94,False,False,False,False,False
0xfe5dc2f9bb5613f1e43770f80863a92b7221c6ae,200,Success,17825.13,1472,610548.347387272,11665.94906746,2021-10-27T12:40:12.000Z,92,False,False,False,False,False
0x000000000000000000000000000000000000dead,200,Success,280161209655.38,0,0,0,2016-09-15T11:11:32.000Z,100,False,False,False,False,False
0x002936cd9bcb36cd2b5f168edb16dc983afcc1c3,200,Success,703.89,110,8226.04,33,2021-05-04T17:11:20.000Z,96,False,False,False,False,False
0x015b967d09be57c37a9db9c3ed149bed817a9cf4,200,Success,15.69,28,12459.94,136.6,2022-03-06T15:47:33.000Z,69,False,False,False,False,False
0x02d2babafff5d2f66bb4bee85ab0e2d9b12c8ac2,200,Success,7.31,59,14671.274880338,0,2024-01-26T11:07:47.000Z,70,False,False,False,False,False
0x03205e999740a1e8c092626a21e99355b297126c,200,Success,1.5,157,24082.8,146.65,2022-09-14T00:48:18.000Z,96,False,False,False,False,False
0x034a45b00000af335f81a38d1a36cb555d516a92,200,Success,12.04,714,392019.532954984,2488.088201097,2017-10-14T15:28:37.000Z,57,False,False,False,False,False
0x04d96f6db281a7005611708d88112e7cd78e71c2,200,Success,190.88,27,9903.253203849,0,2023-04-30T05:19:10.000Z,85,False,False,False,False,False
0x0504f1324db3cb401f9646dd70ae9ece71a80074,200,Success,43.77,559,583342.68,6411.36,2020-12-10T07:29:17.000Z,89,False,False,False,False,False
0x05357fd1830364d22f0f6a83664999a769a69b75,200,Success,1245.57,352,83006.19,923.84,2021-08-14T14:55:25.000Z,84,False,False,False,False,False
0x05c331df9987c6d2a94c971c5026ca08ac9ef0c4,200,Success,23.44,6,41.56,1.87,2022-06-24T08:03:43.000Z,84,False,False,False,False,False
0x066f5bec0be7ef6f17f878ced5265b4bd404459f,200,Success,1007.35,369,101816.386953169,3480.340808865,2021-03-05T00:18:18.000Z,82,False,False,False,False,False
0x08db61487a190701d6a847e24af037906e8f832e,200,Success,2626.97,17086,677882.526185138,96685.564770917,2021-05-02T20:42:26.000Z,87,False,False,False,False,False
0x0984bf538abc0290785f276210be172f4ec4c08a,200,Success,1646.99,683,1964999.90689178,0,2023-03-26T02:05:43.000Z,84,False,False,False,False,False
0x0a3b209e7382b4780bb68746090bcc7d2248b839,200,Success,1709.79,70,37378.39,0,2022-10-09T14:07:47.000Z,95,False,False,False,False,False
0x0ade5827980db98bbd945171723f3fdec9dd03fc,200,Success,4470.2,364,580093.13,74.28,2020-08-14T18:59:25.000Z,86,False,False,False,False,False
0x0b35f861e9b23bc97f329bcdf777397f61717413,200,Success,9231.35,336,56891.483349463,1416.233222564,2021-04-27T14:36:39.000Z,94,False,False,False,False,False
0x0d3c1f3c822dbdead3f27a62c88a1a57ee27463b,200,Success,4423.82,1216,272384.26752433,1378.14186263,2018-01-10T18:05:38.000Z,82,False,False,False,False,False
0x0dbdd871f45c6b4e9b508e60e3af9c4044a12fe5,200,Success,13449.49,371,163728.075177094,174.087797755,2021-03-12T07:03:02.000Z,94,False,False,False,False,False
0x0e18511b32fecc6b36d4f5ab660df4b5989aced9,200,Success,480.41,156,223069.99,186.7,2021-11-11T17:57:57.000Z,96,True,False,False,False,True
0x0e34b92ee27084827d94ba7e5a751ad530608568,200,Success,362.63,3057,57200.081234016,1.442707219,2022-01-08T22:55:01.000Z,96,False,False,False,False,False
0x0e66f6b39181f2c6505f5e949dfeada54926d0e0,200,Success,12.12,33,2474.47,19.55,2023-08-14T18:59:59.000Z,50,False,False,False,False,False
0x0f6d9eb80987db5abcc23b80d3d11ce6c05129fc,200,Success,85.16,7,6423.81,0,2022-02-13T16:21:14.000Z,92,False,False,False,False,False
0x1001365fe95f7938fb34dfd38e788c8e53866e16,200,Success,4967.72,64,20896.179007023,0,2022-11-08T16:31:11.000Z,86,False,False,False,False,False
0x11e01f9d025e1a20e92d18d976d3cd329f0a4e43,200,Success,621.64,104,902658.72,0,2021-10-29T16:57:54.000Z,95,False,False,False,False,False
0x1216abe1028608b0eeaab0635f4c56635f1d69f0,200,Success,501.54,1400,39007.514098916,81.851674704,2020-12-16T11:47:40.000Z,98,False,False,False,False,False
0x12e75b9919f6e396a45082a68e8f93eccc52c92f,200,Success,0,309,103782.78,705.27,2021-12-14T15:11:38.000Z,85,False,False,False,False,False
0x13656d4ece042fe50ee67e8e3db96e7b7332ab6f,200,Success,112714.44,616,576722.147656294,53626.077916749,2021-10-10T16:44:43.000Z,89,False,False,False,False,False
0x13f953ff0a90bb7515532b896444805db5bf9beb,200,Success,157489.76,1187,4538251.91928129,1.114122318,2020-09-22T09:16:27.000Z,79,False,False,False,False,False
0x1454bb3a43568890f79f0e22531fb9952770bb34,200,Success,0,0,0,0,2022-12-08T14:21:11.000Z,80,False,False,False,False,False
0x154947274daf39c37f83d6b865a90dca571f274b,200,Success,413.14,51,2634.51,66.3,2022-09-29T14:18:47.000Z,86,False,False,False,False,False
0x15835f98c91700d46eefa50db843c23d6b8e776e,200,Success,765.98,24,1257.03455242,0,2022-10-05T20:09:23.000Z,81,True,False,False,False,True
0x175619a25a3650bed008ea2eeb27f125191e64ae,200,Success,1129.79,672,45706.259611347,700.572229431,2021-10-18T07:41:03.000Z,66,False,False,False,False,False
0x175c015ef9529ecc57cf2ee36b24151afc38d419,200,Success,27.49,25,7003.802626809,6.306510386,2023-03-20T01:09:23.000Z,79,False,False,False,False,False
0x181c34d119d540e1a96fc46fe4ecbc522f8bc633,200,Success,65857.1,773,888934.514677178,4172.301861921,2017-11-29T07:04:15.000Z,91,False,False,False,False,False
0x185741f61562ca93e297ccbf2f526a3a92685f6e,200,Success,2591.83,118,31657.49340874,0.01082326184,2022-07-20T16:11:25.000Z,92,False,False,False,False,False
0x1a3485cde0fd2325024d82a613c6b10cbeb86f3f,200,Success,2421.66,655,1874330.8,11533.3,2021-08-10T05:25:36.000Z,95,False,False,False,False,False
0x1be393f5248a15a9e3e6c04dcbbf9edd7fbd7cf5,200,Success,16613.32,1504,305711.919226888,626.57968865,2021-05-25T06:00:58.000Z,73,False,False,False,False,False
0x1bea69ba373f2d18dd417326de3bc71ede695f30,200,Success,152.04,175,253798.37678148,8.473305922,2022-04-06T05:29:49.000Z,83,False,False,False,False,False
0x1c478c249b7080ab535b61c761665bea54ce0522,200,Success,0.15,16,879.74,2.91,2022-05-18T22:52:01.000Z,77,True,False,False,False,True
0x1ccba010ac41898788b8d31817274fc83aa4c226,200,Success,10205.61,452,186808.708549401,2207.894532572,2021-09-23T01:57:07.000Z,91,False,False,False,False,False
0x1d666ecf1d8c4e8459a30a420a50faa72f9107fb,200,Success,1774.51,21,3552.084727246,424.729476664,2022-04-12T13:23:43.000Z,91,False,False,False,False,False
0x1e2ab2c1ee48aa5c705e6a638087bf7fc1877095,200,Success,798.29,4438,4047473.77359296,66.366680681,2022-02-03T16:36:54.000Z,14,False,False,False,False,False
0x20ee7082670c840aecb0adae7e417124473e386f,200,Success,134.4,30,1113.75,0,2022-09-03T01:16:54.000Z,94,False,False,False,False,False
0x2239f3319d37e949ef10f4946cded5f73cf225ba,200,Success,20.69,281,46181.39,266.11,2021-10-30T19:08:51.000Z,86,False,False,False,False,False
0x2246db427a051f41f20ea0632717143efe54960d,200,Success,609.5,126,2989.112297978,0,2022-08-19T07:35:30.000Z,70,False,False,False,False,False
0x22fdac85581eb2cf3a78037c77b96b5b0b1256fb,200,Success,0,0,0,0,2022-12-08T14:28:23.000Z,80,False,False,False,False,False
0x2303ee63b150beb7e415cea083421b295bc14b0c,200,Success,0.2,10,423.668724018,12.88618848,2023-11-11T17:36:47.000Z,65,False,False,False,False,False
0x2350a312ba3ae726a4dbeff32523b718b47d3300,200,Success,42.08,6,169.42,0,2022-06-13T19:38:31.000Z,79,False,False,False,False,False
0x2419e03de4afed3fa348504df83cc30b2dd1632e,200,Success,1626.74,809,124166.705154267,64.347511438,2021-06-01T11:29:33.000Z,83,False,False,False,False,False
0x244ccd03c9f55a0fb2796a6f566622c5187fa93d,200,Success,89.42,1157,2013763.99,6116.26,2017-08-01T01:54:22.000Z,77,False,False,False,False,False
0x24810ac54b2e971298d2f639606235f80886ef40,200,Success,2558.99,1351,456871.98,5884.85,2021-03-22T15:22:01.000Z,64,False,False,False,False,False
0x267a7ba3432db1f18d52b8776e2ba0e574091c3b,200,Success,491.04,462,64898.66,2086.86,2021-03-03T19:26:53.000Z,84,False,False,False,False,False
0x26e939aa71aea569a5df4ffcd89d618e47caae9f,200,Success,135.68,525,144204.353730016,63.366437066,2022-06-14T17:07:52.000Z,86,False,False,False,False,False
0x2757e4dbff8d52211649d8e5ac2c274637dd4667,200,Success,71.5,246,102115.84,0,2020-12-29T12:03:41.000Z,93,False,False,False,False,False
0x276eb94ce86a8e69efd79b5226b9c377b1365d6d,200,Success,3846.61,369,555107.353960269,1207.989953206,2021-04-27T18:15:48.000Z,92,False,False,False,False,False
0x28359e29aa6ace62ee272a829a5017973f641471,200,Success,1058.86,266,204126.061417633,385.45124541,2021-07-16T09:49:27.000Z,97,False,False,False,False,False
0x28fc33677203585b49539040da347e5c38f991a5,200,Success,35.76,258,32982.178826977,6.2365591,2022-07-19T15:55:43.000Z,85,False,False,False,False,False
0x29059f184faa0a32c83971c8951829c8be27d3f3,200,Success,1847.85,5038,806637.637597604,4841.113536982,2021-02-21T13:20:46.000Z,89,False,False,False,False,False
0x29dff05a66e9c23605039df66f53ada4172ad3a9,200,Success,1929.89,849,385407.746948725,806.258183688,2020-09-23T03:26:14.000Z,87,True,False,False,False,True
0x29f4b3df64f412239a21696d589115be212bc640,200,Success,7385.18,841,1386198.9702142,155.688751625,2021-06-05T21:02:49.000Z,94,False,False,False,False,False
0x2bf7a2f8f412ca863a3952b5b30047419cc89526,200,Success,0.9,176,13186.46,98.45,2022-04-08T16:36:09.000Z,66,False,False,False,False,False
0x2de1293d3bfeee6f205cb0d1e7445d19590d758d,200,Success,39.04,1031,1012613.97234235,23172.022704809,2021-10-01T02:07:02.000Z,54,False,False,False,False,False
0x2e15093d2996c942d516245156c5d23d6afce402,200,Success,187.54,5,10.98,0,2022-06-02T19:29:53.000Z,73,False,False,False,False,False
0x2e31db5f6262e174cb8674cdce036dea306bfe00,200,Success,17300.73,897,1087565.72256041,77.376468195,2020-09-01T00:49:45.000Z,72,False,False,False,False,False
0x2ef1561aee0edaa58d550b86ae8a5b26dfce3f5c,200,Success,226552.02,36,30155.350732434,0,2022-12-31T07:35:25.000Z,86,False,False,False,False,False
0x2f08a6bff813685bdb665934ec1465824db14ec9,200,Success,10978.37,46,946426.737252576,1.931077267,2022-12-24T09:59:23.000Z,82,False,False,False,False,False
0x30a4e80193b3c167eaf00fa30b7348e60d137401,200,Success,781.34,193,36645.024358676,416.698642276,2022-03-11T09:27:01.000Z,83,False,False,False,False,False
0x3112f2d9c3ec840fd15ebad485608f0b00f652e2,200,Success,45.28,186,11511.00678357,1930.128870633,2021-06-24T21:13:39.000Z,91,False,False,False,False,False
0x3141abf8e130731c98c14ae0a0ba31f6d3f54f32,200,Success,101.91,140,11086.13866935,834.408895811,2021-07-07T23:38:26.000Z,86,False,False,False,False,False
0x32d048b9d94ae9da7e73f4bf638cf498064b7cfc,200,Success,7.7,240,156465.64,1179.61,2021-06-30T17:55:38.000Z,90,False,False,False,False,False
0x33478fd0483c1f1c80df0fe2732c702cf423c6bf,200,Success,197.9,162,9396.759489024,142.004419703,2021-11-26T05:50:25.000Z,84,False,False,False,False,False
0x33bdf476a720e6c1103292407db0f803e92c9e63,200,Success,1.09,9,8081.99,0,2023-08-13T00:36:23.000Z,59,False,False,False,False,False
0x33d67e2cd806a09638f79db05a61bec95f63e590,200,Success,134.93,52,19190.03,309.28,2021-10-06T17:12:47.000Z,91,False,False,False,False,False
0x34736fdc6f4d731629ceefc058abc2ff09c0cc49,200,Success,221.82,4267,791550.979476035,398.256189634,2021-08-29T15:35:56.000Z,48,False,False,False,False,False
0x34e3a48390a678b06352b5a1b5a97e6b494cb51d,200,Success,1782.03,1994,77057.463666896,1.502354595,2022-09-10T03:28:42.000Z,95,False,False,False,False,False
0x3598ed2969984ad70141398dedbd65967ab7b0a0,200,Success,6508.22,2057,353894.15,3378.64,2020-07-18T22:57:31.000Z,90,False,False,False,False,False
0x36fa11f6715a5e440871f531030ee4e94d7b9309,200,Success,890.27,1954,2584371.06589695,21445.107888864,2021-07-15T20:26:54.000Z,70,True,False,False,True,False
0x397795f9f76c745dbccf823df0b281e98068eb8e,200,Success,174.96,490,182867.61,138.61,2021-11-01T22:38:10.000Z,88,False,False,False,False,False
0x39c60bae189d4ebacb6616bb20d8c3a0abd7ea85,200,Success,529.03,4538,3219208.3287331,1913.918677155,2020-08-06T11:09:03.000Z,77,False,False,False,False,False
0x3a6adf8bef4eb78022c88a8680355d29b5699fe2,200,Success,10167.6,18,13208.11,7.44,2022-06-18T20:25:37.000Z,90,False,False,False,False,False
0x3b36364791d39c977d86cd823ffc4149a9038907,200,Success,517.96,940,641286.78,346.17,2021-10-31T05:22:29.000Z,82,False,False,False,False,False
0x3b7d646966a4f9c2814bd0b414818ab0cbd1242b,200,Success,2698.95,3264,683027.646233047,591.941051716,2021-02-13T12:28:26.000Z,94,False,False,False,False,False
0x3bad2190ca8c8b2c76efccfbcc88193f72b934c6,200,Success,2438.97,20,22017.81,5.32,2022-01-16T15:49:44.000Z,93,False,False,False,False,False
0x3cb39dd4bf881ea150bfc6c471040439543c2746,200,Success,524.11,276,59922.46666328,705.535153788,2021-03-09T08:54:05.000Z,86,False,False,False,False,False
0x3f70c281f99d024df8dbd954d9f469b3d62b4f5e,200,Success,0,0,0,0,2022-12-08T14:27:35.000Z,80,False,False,False,False,False
0x40dadbce05668dd087bfdf99dfdff20c6e3d4a1c,200,Success,183.83,179,3784.297530184,312.940654171,2021-08-25T22:13:25.000Z,98,False,False,False,False,False
0x4182a46c61c3ee40e61304f8b419f813eeced3b4,200,Success,2413444.64,685,236910179.383985,607609.894881657,2020-12-31T19:56:25.000Z,96,True,False,False,False,True
0x4269bf9727ed052c40e6f127ee0dd5e2ddee6289,200,Success,1559.19,3220,181277.736949755,6481.940319535,2021-01-16T07:44:57.000Z,93,False,False,False,False,False
0x44741d7d554f78eb77747296aebf473e80f5ed99,200,Success,37.38,192,10126.262435277,2.602520958,2022-06-06T18:47:22.000Z,61,False,False,False,False,False
0x44ac2b7d49800e5a347f381210e9b6af36dc8b00,200,Success,2693.93,135,48956.474927054,2008.352742018,2021-08-07T01:15:18.000Z,93,False,False,False,False,False
0x45b82c36e8f8343e32cc7ce7e14e32cecf6c4e19,200,Success,8818.34,513,297249.388740368,254.442020052,2021-09-29T22:26:51.000Z,91,False,False,False,False,False
0x463646793b8134eb7603a10b57e082220c0d8a9f,200,Success,503.94,191,17706.938189013,3456.187224242,2021-05-25T20:50:06.000Z,90,False,False,False,False,False
0x4ad8ec59eff4b5814145b32151ad5b8bc0a219a5,200,Success,2351.89,373,134587.709530886,3227.228069901,2021-04-07T23:34:50.000Z,92,False,False,False,False,False
0x4afa4164863186e1a7edb5bd8869565928e27ce9,200,Success,1322.27,841,190553.314540734,163.165482027,2022-01-01T00:42:17.000Z,62,False,False,False,False,False
0x4b511a24d58f1662e35e872d4ce7d6f53385248e,200,Success,1020.26,61,59711.63,38.44,2021-04-22T15:16:45.000Z,97,False,False,False,False,False
0x4c7512f396536340f598735be36522ec7c61c82a,200,Success,15493.74,1017,473131.172282292,9471.127936129,2021-02-12T15:18:03.000Z,91,False,False,False,False,False
0x4debcf582bf70f390f36561bc0966c24ed827608,200,Success,14192.26,113,6670.026584366,563.12780362,2021-09-25T11:48:50.000Z,89,False,False,False,False,False
0x506ce7f77c3825b78e9caa3319f3bb3886d9715f,200,Success,166.04,784,2655.069701807,0.01833150277,2022-08-11T22:17:15.000Z,96,False,False,False,False,False
0x50757c4fb5743fdf2f3e9574d90399dd33bd2ef7,200,Success,59.45,377,8408.185366941,3.978737072,2023-01-19T14:52:08.000Z,77,False,False,False,False,False
0x512ff58a791b69f5935990369338683932b469d1,200,Success,30261.95,132,93543.49,28.2,2021-09-06T14:47:11.000Z,96,False,False,False,False,False
0x5144ab4477750dc0acbc4b2afc5e92a92491312c,200,Success,803.07,2074,403469.893529559,1222.559731391,2020-09-05T05:39:00.000Z,80,False,False,False,False,False
0x51d1b5d93b8397e305e4eb3bb7c2862091283307,200,Success,4440.41,217,1564836.29015682,0,2023-04-27T11:34:59.000Z,90,False,False,False,False,False
0x51d2bb9f754575a0e22e62b6ab5cd879200369fb,200,Success,14.93,1017,328060.1,187.43,2021-03-28T15:21:15.000Z,97,False,False,False,False,False
0x524df03b458b49ee9db5fa6a893f0c222e47f2c0,200,Success,18.76,47,12228.354352706,6.876539893,2022-12-27T13:56:47.000Z,93,False,False,False,False,False
0x53480880b9f7f8048dbc909f8b661256665da265,200,Success,522.95,1472,591870.522487309,11429.799971385,2021-08-25T20:39:12.000Z,49,False,False,False,False,False
0x543f113ba3a86af72d9fd0aefe8843e6c243056b,200,Success,45.49,96,241.79,0.3,2022-04-18T12:29:21.000Z,55,False,False,False,False,False
0x55376ff3ef58b4f007dba5cd7b9adbba4c6734ae,200,Success,59.44,495,885014.684022527,9078.186870974,2021-05-27T04:55:50.000Z,94,True,False,False,False,True
0x560d8eedc48a59e3f35764151a28879b303d3f70,200,Success,6316.62,911,298158.328029475,122.403745545,2019-12-04T15:29:45.000Z,95,False,False,False,False,False
0x5619522e1e06196d3db7be59a59cd93ef0ef4e91,200,Success,0,0,0,0,2022-12-08T14:21:59.000Z,80,False,False,False,False,False
0x57cd74d847098e6f6dc6696e3bada41ed3855fbe,200,Success,242.61,2,3.27,0.76,2022-06-16T01:51:43.000Z,87,False,False,False,False,False
0x58024b6c1005de40eac2d4c06bc947ebf2a302af,200,Success,17753.87,8751,4092850.50002219,12985.570386623,2020-05-05T04:06:07.000Z,91,False,False,False,False,False
0x58577c6ebe3be5537dc5024d72b8d4568c61f936,200,Success,1208.23,432,361281.755319212,526.200518328,2022-01-07T03:26:18.000Z,90,False,False,False,False,False
0x592bac809f61f40db4dc78f2f70d60c706de400d,200,Success,85537.08,479,92083.270702903,3155.56901171,2021-05-18T13:41:50.000Z,88,False,False,False,False,False
0x59ccc96659486d3418ce4ed2d4f7738b47be6450,200,Success,3324.19,301,88508.650933494,5735.172438281,2020-10-04T15:38:53.000Z,93,False,False,False,False,False
0x5cba49c4f6fcb432d1109dcb310cd4cbb1f5b85b,200,Success,26.06,6,91.67,85.06,2022-06-12T09:00:20.000Z,67,False,False,False,False,False
0x5f013b885fd2494bbd3f518b6baf7c483b0157af,200,Success,0.19,9,692,0,2022-01-11T00:30:34.000Z,95,False,False,False,False,False
0x5f1d73c6fdfa87f3937a7248a135ed49c4cfac6c,200,Success,17.4,253,43784.9,96.29,2021-12-28T19:51:15.000Z,76,False,False,False,False,False
0x5fbc3ab35a429738dcfe7539d7cc2f7271e6993a,200,Success,165.12,124,15112.583474522,42.874751348,2023-01-20T13:39:35.000Z,89,False,False,False,False,False
0x6052adbcdd111fe19aa083702bd38d7dab2f800c,200,Success,0,0,0,0,2022-07-27T02:50:21.000Z,88,False,False,False,False,False
0x615072bf88239ba28427dfd0f6c8bfca15c67f1c,200,Success,355.74,1097,403413.819458318,14444.824796093,2018-04-16T22:04:02.000Z,78,False,False,False,False,False
0x615bcf9adee28ca7097e54414f69ddc45c6ad28c,200,Success,2430.96,1366,203805.642963303,3.671585123,2022-07-05T07:24:36.000Z,66,False,False,False,False,False
0x618ef32cf120be98193902e18f713cd029463425,200,Success,0.29,169,1318.45,0.59,2023-03-28T23:47:11.000Z,58,False,False,False,False,False
0x61fcb500b321e080e36f5afa28d59611ea7a8d0c,200,Success,3288.62,329,1237390.85,0,2020-07-28T03:22:17.000Z,86,False,False,False,False,False
0x6263eac911a4aabc7af473b9c30cebf86f2b6c23,200,Success,2.29,166,4032.952832035,86.122170037,2021-04-05T00:32:29.000Z,88,False,False,False,False,False
0x6328d4c7bed002d8d97a3da073cb99bdf26b7c79,200,Success,831.45,575,73983.637166308,276.024680952,2022-05-04T17:41:15.000Z,83,False,False,False,False,False
0x6375509c420d4752ac3b61d4f286306874f92bd1,200,Success,425.88,986,1231715.68475417,474.922660799,2021-09-09T19:00:37.000Z,76,False,False,False,False,False
0x6402ae14eff5ac12d0473e6adc40c852cd85d71e,200,Success,10100.74,302,117419.77,99.03,2022-04-16T06:27:53.000Z,94,False,False,False,False,False
0x64830f69c98097fdda37498061658009f89908ee,200,Success,8926.9,100,37445.558559791,5.187191825,2021-12-02T16:43:41.000Z,86,False,False,False,False,False
0x64844f0b762b03970f82ef3319049e0b59b4316f,200,Success,48.98,30,1670.93,0,2022-08-30T18:53:56.000Z,93,False,False,False,False,False
0x659e3092390f60815666233ecc04fe6501b46d57,200,Success,0,0,0,0,2022-12-08T14:26:47.000Z,80,False,False,False,False,False
0x664d448a984dae1e829bf71e837facd7b657ee10,200,Success,864.11,4936,138846.863788956,2097.438004719,2017-12-28T02:39:27.000Z,84,False,False,False,False,False
0x66840a01048b3bca2855993e409c148275f1fa55,200,Success,3766.48,398,55675.39,0,2022-04-20T20:12:59.000Z,89,False,False,False,False,False
0x67e4452ee4b1ff78800054bc513b3b18bd9941e2,200,Success,1241.2,1006,324269.10983354,1776.013514802,2021-05-31T20:46:48.000Z,69,False,False,False,False,False
0x69064db353245c320e205ae6c8552db09ed6a6f5,200,Success,21791.49,32,9315.68,0,2021-08-03T02:58:56.000Z,95,False,False,False,False,False
0x69351b9ccae3957e64a212d1654000a88c6d0909,200,Success,51.57,537,114627.35910242,765.326003139,2021-06-15T21:55:11.000Z,79,False,False,False,False,False
0x6953ee61e6f1385a6325bc4e9bd0bb9db1ec5daa,200,Success,1272.31,569,179576.521609551,69.55290333,2021-08-14T09:09:04.000Z,59,False,False,False,False,False
0x69c9b124eeeeaaa174209f7053f360a6aa8eab40,200,Success,66.34,2,91.59,88.6,2021-12-28T03:50:31.000Z,84,False,False,False,False,False
0x6a43cf422bb521b6bcc1efa5c31c09cb1ee9bde7,200,Success,2823.16,512,551824.143322428,109.072214558,2021-05-25T04:17:21.000Z,76,False,False,False,False,False
0x6a84731c50baf758e1a15ebdb183ba2fad5d8278,200,Success,22.09,207,9719.571595105,30.723133374,2022-11-23T21:23:41.000Z,78,False,False,False,False,False
0x6ae88b6f6bcd3a5c9775df315ae1150d1ed91c78,200,Success,182.67,3,139.32,0,2022-12-26T11:27:11.000Z,86,False,False,False,False,False
0x6cc6f59f7016a83e1d7c5fad30cdd8c4cdb4aad1,200,Success,7197.32,2749,3913594.22,14027.61,2020-12-24T18:19:39.000Z,83,False,False,False,False,False
0x6d57f994ff311806256fde5b4b69ba1f951e1ad3,200,Success,48.15,112,22506.84,327.86,2021-06-03T12:14:47.000Z,85,False,False,False,False,False
0x6f1b0c0b3bb65628477aa744495d6900cc8b44fc,200,Success,133.58,19,1576.64,411.7,2022-10-27T17:11:11.000Z,87,False,False,False,False,False
0x6f54d40ccc174f9c7bd23252e4db8f1ca4291173,200,Success,250.24,799,154212.84,1028.05,2021-05-04T04:53:02.000Z,78,False,False,False,False,False
0x70b2a6a17ae26c651d49440a76d72a29d64498fe,200,Success,1623.7,837,719978.95156022,1640.691543182,2021-09-25T13:48:49.000Z,92,False,False,False,False,False
0x70c32d84ebedfc1ffb4cec2aaafd67d1e40e2582,200,Success,0,0,0,0,2022-12-08T14:29:47.000Z,80,False,False,False,False,False
0x7106d6ef5311718abce686b8a4995a10a40f7700,200,Success,241.62,143,99229.49281107,1.342749038,2021-09-05T12:24:55.000Z,96,False,False,False,False,False
0x715eb8972789e4a6f6ad9a4a883178350fdfe1c8,200,Success,1451.87,3470,223771.88,3372.02,2021-10-11T16:21:51.000Z,88,False,False,False,False,False
0x717a5a2b2b1213553281845271d9441ba781b2b2,200,Success,81.91,109,58273.54,34.13,2022-02-09T10:02:39.000Z,87,False,False,False,False,False
0x71d01033f8ffb379935c0d0e8474f45e6f92a972,200,Success,24.75,561,157403.99,18945.6,2021-10-21T09:03:49.000Z,88,False,False,False,False,False
0x73391c743b653ea9949ece4f42457b1d780d6c1d,200,Success,30.72,1074,15372.743924998,3.689545553,2022-06-30T13:19:30.000Z,96,False,False,False,False,False
0x73d4d505e5bb7322cc8bd8b6da569828534aa367,200,Success,73.91,252,19912.018698736,0,2022-07-27T09:35:01.000Z,80,False,False,False,False,False
0x752730eeb62d30fba47860a9aa9f2f2a48ce707a,200,Success,4.76,1555,6523.76382398,449.640774095,2021-06-16T01:31:45.000Z,75,True,False,False,True,False
0x77053550287bd571615d5cfbb4e53b1877fdcef7,200,Success,0.79,6,1614.31,90.81,2022-06-10T22:57:17.000Z,84,False,False,False,False,False
0x78c4eb74405311620d66eacc2a4d61e1925b7e3f,200,Success,456.46,73,16481.745176606,1.483599876,2023-02-14T22:51:47.000Z,68,False,False,False,False,False
0x7933591c365b61e15bb163e0b9be2bd9529fac36,200,Success,138.93,73,16031.63,0,2023-05-06T17:08:07.000Z,65,False,False,False,False,False
0x7a6a48b8e7bd3451fc57f01ad9aaea62cdf5956e,200,Success,92.11,302,98877.629619675,364.766163613,2018-05-22T13:09:21.000Z,92,False,False,False,False,False
0x7b81f26d62cc70cf494367c08f59564d405a3f62,200,Success,401.6,8,1928.8,0,2021-11-16T23:16:08.000Z,79,False,False,False,False,False
0x7b917ba152bd605e84d636ba31aeef7e30528068,200,Success,47.48,1320,468793.29,169.18,2021-09-30T01:58:04.000Z,68,False,False,False,False,False
0x7c7e6681b31df0d748e8e681fdb0679358b93661,200,Success,0,0,0,0,2022-12-08T14:30:23.000Z,80,False,False,False,False,False
0x7f7069750d08e431e09d433a8d0aa0558ad6bf0d,200,Success,100.8,3379,215924.918658296,114.354504344,2021-04-13T12:01:52.000Z,96,False,False,False,False,False
0x7f7f383d07fc29d633957c35a69b71524ce08979,200,Success,2186.19,510,152933.155496035,8615.902897367,2022-02-23T22:41:25.000Z,61,False,False,False,False,False
0x800d9e9910859324683d08101c1e0862c6a89b63,200,Success,1939.07,185,25145.987235809,4.6352976,2022-06-24T06:18:25.000Z,74,False,False,False,False,False
0x816dc24c48625a9ba7afede51d74ccec4015878a,200,Success,85.47,1248,15097.969108536,1149.481715867,2021-12-29T13:52:32.000Z,91,False,False,False,False,False
0x8387bdef34cb53262bde26073ad7d022aec3efd4,200,Success,4.27,38,42806.700275729,4.632636897,2023-12-23T00:12:59.000Z,70,False,False,False,False,False
0x8415d253138138e579f55f1fd58078f1c9b6e5b7,200,Success,10266.05,276,85084.094463416,4824.434877793,2021-11-19T01:44:40.000Z,82,False,False,False,False,False
0x8442d0f70518fdbe01031fa828381930edf58edd,200,Success,385.66,30,976.21,1.38,2021-12-28T21:09:10.000Z,95,False,False,False,False,False
0x85914d049aa004d037cae65bad275ed4147f172e,200,Success,3034.7,803,116603.34,849.52,2018-04-29T09:28:03.000Z,89,False,False,False,False,False
0x86b20a5a4ba2bbc4a4672499ba8ca9e7fe009c46,200,Success,15.09,1,2.75,0,2022-06-23T00:51:59.000Z,61,False,False,False,False,False
0x880f9f7802a956ed607e96b513ba1d788a46d1e5,200,Success,365.29,4225,193430.15,240.15,2021-10-28T18:07:49.000Z,87,False,False,False,False,False
0x88bc20f647128caf824e92b96ea7788aa22d87e4,200,Success,241.66,629,469069.999019829,1694.813605379,2021-05-02T00:44:38.000Z,84,False,False,False,False,False
0x88d7f7ec27f116f60b15ea66bd210094d0db034b,200,Success,126.13,4746,110731.100657783,1500.927029746,2021-09-03T05:54:57.000Z,84,False,False,False,False,False
0x8954ead94811c1c63b7c372d3b3d8182f9f26ec6,200,Success,2485.67,37,2782.569626833,35.528031431,2021-03-11T03:41:44.000Z,95,False,False,False,False,False
0x89a3efc92f3fabe59f3deaa5e5e92773ee29fa37,200,Success,57835.83,512,82033.72,149.9,2018-02-17T19:15:24.000Z,93,False,False,False,False,False
0x89bf50200b3656d537d3a028505b46b978070228,200,Success,5656.75,248,172045.940788141,0,2023-05-06T13:19:11.000Z,89,False,False,False,False,False
0x89eacd3f14e387faa9f3d1f3f917ebdf8221d430,200,Success,3246.15,5612,1223826.61,3167.54,2017-12-22T04:20:39.000Z,84,True,True,False,True,False
0x8ad3dda6fc197c4e0b6ac465a61798da0990bb33,200,Success,25.46,877,819597.824662893,3196.38103286,2021-11-07T12:21:42.000Z,85,False,False,False,False,False
0x8baa18708c910ec779175cebfac0f91847bdd3ec,200,Success,6074.21,628,268042.986164195,24.152024157,2023-04-02T14:45:59.000Z,20,False,False,False,False,False
0x8d24c274e5a0cf1817243dc441d1384b919344d1,200,Success,14400.86,287,51528.459615978,809.816952392,2021-09-29T19:06:32.000Z,83,False,False,False,False,False
0x8d655b1af80200a6b81e11482fdea66328b16e05,200,Success,33754.35,1604,616389.558402566,9.47969208,2021-09-15T18:37:59.000Z,96,False,False,False,False,False
0x8f2aae3c9941d121d3d7a1547e4225bf802427f0,200,Success,505.29,265,53348.73,858.49,2021-09-20T22:24:54.000Z,92,False,False,False,False,False
0x9035cdf9c274d57e000e4d878cb17d9e090e6c08,200,Success,5.65,275,608310.17,90.93,2021-02-03T12:16:41.000Z,97,False,False,False,False,False
0x90b68f040ed944c178d776c90c7d7c40d7733212,200,Success,66.48,69,2360.894877105,8.537794053,2022-07-08T18:47:36.000Z,97,False,False,False,False,False
0x91be053f5b16bad5ec5021d4ca0c9dc9faedfc16,200,Success,2560.8,2542,597176.77,1137.57,2021-02-20T10:43:15.000Z,78,False,False,False,False,False
0x92293f700be9b449f8df58fec45c761e3334fed9,200,Success,434.92,313,338095.63,83.25,2021-09-28T23:35:41.000Z,93,False,False,False,False,False
